ResponseId,RecipientLastName,Age,Sex,Occupation,VisType-1,Familiarity-1_1,Q106_1,Q107_1,Q108_1,OpenExper1,OpenUsefullness1,OpenClarity1,VisType2,Familiarity-2_1,Q112_1,Q113_1,Q114_1,Q115,Q116,Q117,VisType3,Familiarity3_1,Q118_1,Q119_1,Q120_1,Q121,Q122,Q123,Q97,Q99
Response ID,Recipient Last Name,What is your age?,Which sex/gender were you assigned at birth,Select one of the following:,What type of chart are you working with?,How familiar are you with interpreting this type of chart?,ViStruct’s guidance was useful for structuring or validating my reasoning process,The decomposition steps aligned with how I would approach the task.,ViStruct's provided guidance resembled how an expert would explain or reason through the chart,Did the system’s reasoning resemble how a domain expert might guide someone through the chart?,Which components of the system do you believe are most supportive for novice users in interpreting visualizations? Please explain why you find these features beneficial.,"Were there any steps or visual cues that felt unnecessary, incorrect, or out of order?",What type of chart are you working with?,How familiar are you with interpreting this type of chart?,ViStruct’s guidance was useful for structuring or validating my reasoning process,The decomposition steps aligned with how I would approach the task.,ViStruct's provided guidance resembled how an expert would explain or reason through the chart,Did the system’s reasoning resemble how a domain expert might guide someone through the chart?,Which components of the system do you believe are most supportive for novice users in interpreting visualizations? Please explain why you find these features beneficial.,"Were there any steps or visual cues that felt unnecessary, incorrect, or out of order?",What type of chart are you working with?,How familiar are you with interpreting this type of chart?,ViStruct’s guidance was useful for structuring or validating my reasoning process,The decomposition steps aligned with how I would approach the task.,ViStruct's provided guidance resembled how an expert would explain or reason through the chart,Did the system’s reasoning resemble how a domain expert might guide someone through the chart?,Which components of the system do you believe are most supportive for novice users in interpreting visualizations? Please explain why you find these features beneficial.,"Were there any steps or visual cues that felt unnecessary, incorrect, or out of order?",Do you have any suggestions for how ViStruct could be improved or expanded?,What was the most helpful or impactful aspect of ViStruct during your tasks?
"{""ImportId"":""_recordId""}","{""ImportId"":""recipientLastName""}","{""ImportId"":""QID63_TEXT""}","{""ImportId"":""QID65""}","{""ImportId"":""QID80""}","{""ImportId"":""QID82_TEXT""}","{""ImportId"":""QID83_4""}","{""ImportId"":""QID106_4""}","{""ImportId"":""QID107_4""}","{""ImportId"":""QID108_4""}","{""ImportId"":""QID109_TEXT""}","{""ImportId"":""QID110_TEXT""}","{""ImportId"":""QID111_TEXT""}","{""ImportId"":""QID84_TEXT""}","{""ImportId"":""QID85_4""}","{""ImportId"":""QID112_4""}","{""ImportId"":""QID113_4""}","{""ImportId"":""QID114_4""}","{""ImportId"":""QID115_TEXT""}","{""ImportId"":""QID116_TEXT""}","{""ImportId"":""QID117_TEXT""}","{""ImportId"":""QID86_TEXT""}","{""ImportId"":""QID87_4""}","{""ImportId"":""QID118_4""}","{""ImportId"":""QID119_4""}","{""ImportId"":""QID120_4""}","{""ImportId"":""QID121_TEXT""}","{""ImportId"":""QID122_TEXT""}","{""ImportId"":""QID123_TEXT""}","{""ImportId"":""QID124_TEXT""}","{""ImportId"":""QID126_TEXT""}"
R_3cJksGpV2vshyb7,,23,Male,Undergraduate Student,Line Chart,7,7,7,7,"Yes, it did. I think a expert of line chart would also approach the task the same way",the guidance are very straight forward,"nothing was out of order, but there are definitely a lot of ways to appraoch is in the different orders",100% stacked bar,2,7,7,7,"Yes it was easy to follow, I was able to understand how each of the tasks work in this chart type",the visual guidance part where I can see my eye movement step by step really helped me,"Yes, the explaination is clear, and its easy to follow with the annotations on the charts",bubble chart,4,,,,"it was easy to follow, as it clearly showed me where to look at in each step ",I like how it circles the target bubble to me when I need to find them,"Yes, it takes a very good strategy to find extremum values, and also the task where I need to map the legends, it provided all the annotations to me",None ," I like how I can complete each of the small tasks and I know where I am in each stage, after I understand the chart with the first few steps, I do not need to use the other steps, I can jsut select the ones I'd like to have guidance on"
R_1mhonStcz7ZjcWh,,24,Female,Undergraduate Student,100% Stacked Bar Chart,7,5,5,3,No a domain expert will simplify the steps and would not need all the steps to come to the same conclusion.,Not really because it was relatively a simple task.,I don't think it was necessary to draw a horizontal line to compare the proportions for 'each' country because I think people will draw one horizontal line to compare all four countries at once.,Bubble Chart,7,7,7,7,"Yes, I would take the exact steps to come up with the same conclusion.",No.,No.,Line Chart,7,7,7,7,"Yes, I will take the same steps to reach the same conclusion.",No.,No.,"For comparison questions, it tends to compare each category instead of comparing all categories at once (which is something most experts will do) and I found that it wasn't quite aligning with the steps I would take to answer the question.",It breaks down the steps like what experts would do for non-comparison questions. (like the bubble/line charts)
R_6rqnsyDh8c7pOL7,,22,Female,Undergraduate Student,stacked bar chart,7,6,7,6,yes I think the system did a good job of capturing how a domain expert would analyze the chart to solve the problem,I think from my perspective I was just able to interpret the result by visually looking at the bar heights but the system helps to break it down into more details and build more intuition and look at the actual values,i think the steps were consistent for each part of the analysis so its good to have the full picture,bubble chart,7,7,7,7,"yes, the steps were clear and resemble how a domain expert would interpret and guide someone through the bubble chart to find the y scale value ",for this question the output was pretty straight forward and concise so it didn't really change how I thought about the task but it would definitely save time if someone had no idea how to approach the task,no ,line chart,7,7,7,7,"yes I think the line tracing was a good breakdown into how an expert would help someone interpret the chart, by finding the x and y points ",again this question was more straightforward so I think it matches how I or someone would look at the graph to interpret the result,no,"'- on the mapping, be able to select the regions on the chart to highlight the segment box 
- when viewing the steps, allow the user to navigate to the major steps within the panel without having to check finish and go to the next step",for me the most helpful aspect were highlighting the important points on the chart when viewing the steps to get a good visual understanding on how to approach the problem
R_7XeKfof1g0CMSOZ,,25,Female,Graduate Student,Line Chart,7,7,6,6,"Yes I think so, I would do the same for the line chart, as the decomposed task are straight forward","it was a simple task for experts so It didnt really helped or changed my ideas, its super aligned though","no, they felt nececessary",100% Stacked Bar Chart,6,7,6,6,"Yes, a domain expert might guide in this way because this is the best way for people to understand. But maybe experts can also take a other quicker approach.",I felt surpriced how much steps it actually takes to do it step by step,"the order are flexible, some steps might not be necessary for me, but I felt someone also might need this",Bubble Chart,7,7,7,7,"this is a rather stright forward task, so I think there is not many flexible ways, so I agree this is why domain experts would likely to do the same thing","It didnt let me think differently, because its pretty aligned with my plan","the order seems to be fixed in this case, and the guidance are pretty accurate to me","one thing the application could do is to have a more interactive guidance instead of step by step, after finishing 1 step, exit, and go to another feels not intuitive. which also made some visual guidance duplicated",the visual guidance in each small steps are surprices to me on how it wokrs well
R_6nNQo802SNNL7Lg,,19,Male,Undergraduate Student,stacked bar chart,6,7,7,7,"Yes, for experienced people, some of the steps might be a bit too detailed but someone who is new to these types of charts, it could be very helpful.",The finalizing step of boxing each segment was helpful which saved me time from actually calculating and comparing the sizes of the gold bars,"The final step of comparison was a bit blurry since every box had the same color (red) when boundaries are close to each other, it was a little hard to tell which one is on top or below.",line chart,7,7,7,7,"Yes, the steps were thorough and well-explained","The mapping saved my time from aligning the axis with the labels, which helps identify the correct values and calculating the right values",The accuracy of the mapping could be improved. ,bubble chart,7,7,7,7,"Yes, the steps explained how a person should extract information from a bubble chart well.","The final step in the guidance helped look at which legend bubble size matched with our desired bubble, which help us understand what is the correct value that we are looking for.",Everything in the bubble chart looked great.,The landing page ui definitely needs to be improved because it is very hard to see which exact chart it was when we were selecting the chart.,The steps and mappings were very helpful because it breaks the task into small parts which were easy to solve and provided guidance on the small steps.
R_3OHhR4MjTQecZj2,,20,Male,Undergraduate Student,100% STACKED BAR CHART,6,7,7,7,"Yes, the system's reasoning is exactly the same as what a domain expert would do when guiding someone.",The identification and calculation of coordinates and the height of the rectangular region saved my time.,No,Bubble Chart,7,1,1,1,"No. For the question ""In general, the ridership of the metro system increases as the number of station increases"", the guidance is focusing on the correlation between total system length and the ridership, indicating that it did not understand what the question is asking about (ridership vs. number of station).","Since its understanding of the question is wrong, it did not provide any useful output.","The system is calculating the correlation between ridership and total system length, which is not what the research question is asking about.",Line Chart,7,5,7,6,Reasoning makes no mistakes.,Figuring out the exact data point.,"The UI for showing the result can be more user-friendly. For example, draw an horizontal line indicating the data point and the corresponding value on y-axis instead of just circling out the value on y-axis. The problem that I chose is ""How much did the price of oil increase from October to December 2020?""",Better prompt engineering to create more user-friendly graphs or something.,The ability to breakdown questions.
R_5324WKTNx1ZJa2A,,22,Male,Undergraduate Student,Line Chart,7,7,7,7,"Yes, it pretty much what I would do for the task","I think the visual guidance is the most supportive feature, It would make the sensemaking process much easier if I dont understand how the chart works",no,100% Stacked Bar,7,7,7,7,"I think for the 100% stacked bar for the tasks I have done, an expert could guide it the way system does, but also expert could use other ways as well. But overall the system's way is the most easier to understand way to me","for this task, I think the the region mapping is pretty good, so a novice person might be able to understand the chart better of the top and bottom boundaries.","the order can be changes, but nothing is out of order",bubble chart,7,7,7,7,"bubble chart seems like a chart with multiple dimensions, which the LLM might be hard to get through with the bubble sizes from just the visual calculation from computer vision",the visual guidance on the bubble size to the legend size mapping is beneficial ,"there are one incorrect step in the last, but it probably due to it is a chart with multiple dimensions, which the LLM might be hard to get through with the bubble sizes from just the visual calculation from computer vision","I think guiding more abstract tasks need better prompt engineering, right now it functionable and I think it is reasonable to follow, but there are better ways that can be used for guidance, other than just provide visual hints",it is a very cool system and I am surprised the computer vision can used to identify the regions in this way
R_65zhVUCIGZLuj9T,,21,Male,Undergraduate Student,Bubble Chart,4,6,7,7,The system provided action verbs so then I was able to interpret what it was doing. ,Breakdown of the steps into smaller chunks. Each task was put into a task flow. ,The ordering of the flow steps is similar to what a knowledgeable human would provide. ,100% Stacked Bar Chart,5,7,7,7,"Yes, as it separated each of the components of the stacked bar chart into different rectangles and explained what each of them did. ",I think the red lines highlighting which areas of the bar chart being explained were helpful. It contrasted nicely with the other colours of the stacked bar chart. ,No. ,Line Chart,5,6,5,5,I think the decomposition is similar to what some experts would do if they were to quickly scan all the points to find the extreme values. Other experts might go through the system from the bottom up and find the first value which is closest to the minimum and not look at the rest of the points. ,"I think the feature/task called ""Find Extremum"" makes a lot of sense. It explains that we are collecting all the month's values then finding the lowest point within those values. That helps a novice user understand how to find the minimum value in a more structured way. ",I think perhaps the system doesn't need to go through every single point if it can easily explain that the minimum point is all that is needed. ,Perhaps explain the function/loops feature for the steps. Also info about what the editable json does and what changing the steps does. Also there were some labels that hid some data in the Map feature. ,The task flow chart was the most helpful. 
R_1kSyHHqRmafSvYL,,26,Female,Graduate Student,100% Stacked Bar Chart,6,3,3,5,"I believe that it did resemble how an expert might guide someone new to the topic when looking at regions in the middle of the stacked bar graph, but given that the category we were looking at was at the bottom, I think an expert would typically take a short-cut and guide someone in the same away.",I found the mapping feature to be most supportive for novice programmers as it helps visually guide them in each step by highlighting the regions to focus on. This can be quite confusing for people initially. ,"The step numbers and the middle numbers felt out of order initially, as the colour scheme and side-by-side placement made me believe that there was a direct mapping in between them! Something to help understand the relationship more clearly would help. Also -- maybe having a drop down option for each step, and it's sub-steps would help.",Bubble Chart,6,2,1,1,"Not in this case because instead of just focusing on the two important dimensions that needed to be considered, the system focused on all the dimensions. This added more steps than needed, such as scanning all the bubbles and system sizes, while all we needed to look at was the bubble size and number of stations.",I like the visual navigation showing which bubbles to focus on and what direction to scan the chart in (as a big picture) before diving in deeper. This initial step might be confusing to students if they don't know how to make sense of the big picture initially. ,"No -- the visual cues felt right, but the steps were additional/unnecessary and inconsistent.",Line Chart,7,7,6,7,"Yes -- this time, it guided me in the same way that I was looking at the chart!",I would say the visualization which helped me identify the x and y values to look at -- although there was a bit of an overlap in the visual making some values harder to read.,No - none of the steps were unnecessary in this chart,"I believe that there could be some categories for bigger tasks -- like the stacked bar chart which had many steps. With too many steps, it might be helpful to group them and let a user choose how much scaffolding they want.",Having it point out exactly which part of a chart to focus on -- and also seeing the general pattern to scan before looking into the details
R_3SHPCKuzR4slY70,,23,Female,Undergraduate Student,Stacked Bar,4,4,5,3,"A bit overboard with how step-by-step it was. Might have been easier to follow if some steps were condensed (ex: ""identify the country for each bar"").",Explaining how to calculate the proportion of the bar. ,The part where it calculates the proportion of the bar (?). ,Bubble Chart,4,2,3,2,"So-so. It might have been easier if Step 1 was divided into a couple more steps (Ex. ""Step 1: Look at the right of the chart , Step 2: identify the three rightmost bubbles""). The current first step feels a bit too quick. ","Mapping the components. Not because of the accuracy (segment 13 and segment 22 are wrong in my opinion), but because it forces you to look at every single item in the chart. ","Step 1, maybe, since knowledgeable people tend to jump straight into the problem versus setting it up. ",Line Chart,4,4,2,2,"The initial steps were fine, but the explanations after run-guidance were a bit uncommon. ",Example task flow,Step 1. ,"Sometimes when mapping the chart, I can't scroll down. ",Being forced to look at every mapped component. 
R_3nublUoJ56rdTqx,,24,Male,Industry Professional,Bubble Chart,7,7,7,7,"Yes in some extends, for simpler tasks like retrieving a value, it behaves very accurately, but maybe it is multi dimensional and have 3 variables, the system might get the number of station and system length mixed up in analysis.","the visual guidance is the most supportive, especially for filtering and retrieving values",no,100% Stacked Bar Chart,7,7,7,7,"Yes, very much, ","it identifies the regions very accurately, which is a clear mapping",No,Line Chart,7,7,7,7,"Yes, it was a rather simple or popular chart type, LLM performed well in understanding the tasks and decomposite it",the visual guidance are supportive for novices to map to the dots to corresponding axies,No,no,the region identification really help people make sense of the chart very quickly
R_5PS63NHEoV3xYeR,,21,Male,Undergraduate Student,100% Stacked Bar Chart,5,5,7,7,"Yeah, I could see how an expert would walk someone through the graph, especially with the middle areas. However, since our focus was on the bottom section, I think most experts would probably just cut to the chase and highlight that part directly.","I really think the mapping tool is awesome for beginners. it gives clear visual cues for each step, which makes things way less overwhelming when you’re just starting out.","I’d prefer if the list of all the steps could be minimized into a single horizontal window. That way, I could focus on step-by-step instructions for each sub-task below. It would help me feel like my progress is seamless and less cluttered.
",Bubble Chart,5,6,6,7,"It did feel very step-by-step—maybe a bit more than I needed. Still, I think this could really help someone just starting out and unsure of the process.",It feels the most supportive when explaining how to visualize the correlation,"some order seems can be changed, I used the json editor on the side panel and validated it",Line Chart,7,7,7,7,"yes, it very much resembled it","I found the visual cues super useful for picking out which x and y values to focus on. The only thing was that some of the visuals overlapped, which made a few values a little tricky to read.",No ,"I think it would help if there were categories for the bigger tasks, so beginners could see why everything is broken down in that particular way. That extra layer of organization might make the process more intuitive for them.","I really liked how it showed me exactly where to look on the chart, plus giving an overview first so I could spot the bigger trends before diving into the details. That made it much less overwhelming!"
R_66jn5rgeV8da4w1,,23,Male,Graduate Student,stacked bar chart,6,6,5,6,"I think the system, on a high level, points out the correct steps to understand the graphs. I might not follow the exact order, or the exact task breakdown, but the guidance is generally correct and reasonable.",The task breakdown is a good step forward in making sense of the big graph more approachable. Users have the option to dive into each of the tasks if they are still confused about how to get to the answer.,"There are certain steps that seems redundant (in pointing out the vertical bars), and a couple of steps within Example Task Flowchart seems too specific/detailed (i.e., there are a number of steps to locate the right color for gold medals, whereas humans may just treat this as one glance at legend)",bubble chart,6,6,5,5,The system correctly identifies all major components of the chart and creates a reasonable workflow to interpret the chart.,same as previous,"In this particular workflow, the system proposed to identify the size of both Shanghai and London ridership base on legend, then compare. However, human readers who understand the task may just directly compare the size in one step.",Line chart,7,5,4,5,It would definitely involve steps mentioned as part of the breakdown. steps mentioned are accurate and helpful.,same as before,"some repeated steps are likely to be skipped by human explaining (""similarly, rest works the same""), and human may look for more visual cues for ""minimum"" as it typically means the lowest point on graph, without reading the full graph in depth.","1) I believe the interface could be improved in terms of highlighting the workflow/component to interact, as right now we have all features laying out for user, but the ideal workflow requires a specific sequence of interaction. . 2) the language instruction from LLMs can be improved (i.e., ""Filter a month on the x-axis."" isn't precisely how human would describe it, probably more like ""focus on each month"")","It directs your attention to the part of the graph and provides a reasonable explanation of how to interpret the subcomponent of a graph, which is very helpful for people to learn and understand."
R_5QcKdlbEw6B3w2a,,25,Female,Industry Professional,Stacked Bar Chart,7,6,5,5,"Overall, I feel like the system does a good job guiding you through the right steps to understand the graphs. Even if I don’t always stick to the same sequence or break things down the same way, the direction it provides is pretty sensible.",The visual guidance for the top and bottom boundaries,No,Bubble Chart,7,6,6,6,I like how the system picks out all the important parts of the chart and puts together a straightforward way to make sense of it.,The task breakdown is a good step forward in making sense of the big graph more approachable. Users have the option to dive into each of the tasks if they are still confused about how to get to the answer.,"In this workflow, the system suggests first locating the ridership sizes for Shanghai and London using the legend, and then making a comparison. However, a human who’s familiar with the task might simply compare the sizes directly in one step, streamlining the process.",Line Chart,7,7,7,7,"It looks perfect to me for this particular task, exactly behaves as what a domain expert would do",The visual guidance on the axis mapping,No,"The current interface presents all features at once, which can be overwhelming and doesn’t align with the ideal workflow that follows a specific sequence. Enhancing visual cues to highlight the next step or component to interact with could improve usability. it dumps all the features out there at once, which doesn’t fit with the step-by-step workflow you actually need. There should be clearer indicators to show users what to do next.
","It shows you where to look in the graph and tells you what’s going on there, which makes it way easier to understand for people who are new to this."
R_5LpNDI07spen33D,,19,Female,Undergraduate Student,Bubble chart,6,7,7,7,"Yes, the whole progress is well-organized and easy to follow. ","I like the part where, after mapping, we can click on each step and run the guidance. It provides easy-to-follow and clear steps.","I think the segment correspondence could be shown only for first-time users. After that, this step could be skipped, while still allowing users to go back to it anytime if needed.",100% Stacked Bar Chart,7,7,7,7,Definitely.,The low-level component task breakdown helps the user to quickly understand what to do and how it works.,"I was thinking, maybe when choosing a question to learn, there could be an extra option where users can type in their own question if it’s not in the list.",Line chart,7,7,7,7,Definitely.,The flow chart clearly shows what needs to be done to achieve the goal.,Do we need to keep the code for the components visible in the user interface?,"We could add some opgional summary, quick overview, or brief introduction before the chart.","The most helpful aspect was how it broke down the overall task into smaller, understandable steps, helping the user stay on track and reducing confusion."
R_3IsHG4fvYCxdGZ3,,,Male,Graduate Student,Stacked Bar Chart,7,5,7,6,"I would say so, although a domain expert might guide at a bit of a higher level with less granular steps. It probably depends on the person","I think the most helpful part is the step-by-step AOI guidance; specifically, the direct annotations that teach people where to look. ","There was one step where it seemed like the red lines weren't displaying, but after I clicked next and then previous to reload that step, it worked.",Bubble Chart,7,5,4,4,"I think the general approach is reasonable, although some of the steps feel arbitrarily selected.","As always, the visual overlays alongside explanatory text is a useful step-by-step guide for how to read the chart (especially with bubble charts where there's more variables than people are used to)","For the question ""In general, does the ridership of the metro system increase as the number of stations increases?"" The breakdown of tasks felt a little arbitrary. First it told me to characterize the general distribution by scanning left to right, which was helpful and probably how I'd do it. But then it started identify clusters of cities and looking at each cluster individually. To me it was not clear why I would cluster the data that way. Maybe it would have been ok if the accompanying text explained it, but as it was I got a little confused",Line chart,7,6,4,4,"I would say it depends on the question. For value retrieval questions it worked great, but for tasks requiring more steps it could sometimes be excessive. However, I think it's still helpful if you've never seen the chart before.",The overlays with text explanations were very helpful because they provided step-by-step guidance.,"For the questions ""What was the price range of a barrel of oil in 2020?"", the steps involved looking at each of the 12 months individually, remembering which values were lowest and highest, then subtracting. For this task I don't think I would look at each individual value. Instead, I would probably immediately see the highest and lowest value of the line chart based on its shape, and then I would directly subtract those instead of checking every month. Furthermore, the actual highest and lowest months don't matter for this task, so it seems like a lot of those individual steps could be removed.

For ""How much did the price of oil increase from October to December 2020?"", the last step was to compute the differences between Oct and Dec tick values. The visual guidance for this step only had small annotations on the Y-axis, because I think the system assumed I had memorized the locations of these ticks. I think it would have been more helpful to have a line connecting the actual datapoints to the corresponding Y value, even if it's redundant from the previous steps, because it makes it clearer why I'm looking at that part of the Y axis.","In terms of the interface, I think the difference between the ""Low Level Task Breakdown"" and the ""Task Flow Chart"" would not be super clear to a beginner. As someone familiar with task taxonomies I was able to figure out that the ""steps"" are more granular versions of the tasks that can be repeated some number of times. However, for someone who does not have this knowledge, it might be difficult to understand why there are two panels with similar but not identical steps. I would suggest 1) having more concise names for each panel that clearly differentiate them, or 2) having some kind of visual that links the smaller steps to the tasks, like a node-link relationship on hover. 

For the text guidance, it was very helpful but I think the text itself could be a bit more concise and less technical to help newer users.","The visual overlay guidance step by step was great! I also liked being able to go back and forth between steps of the guidance to kind of ""trace a path"" of where I would look. "
R_7pJiv88FmPu1Xep,,34,Female,Industry Professional,100% Stacked Bar Chart,7,7,6,6,"domain experts may prefer to guide learners using broader steps rather than such detailed ones. It often varies from person to person.

","The aspect I consider most beneficial is the sequential AOI guidance, particularly the targeted annotations that indicate precisely where users should direct their attention.",Nothing in particular,Bubble Chart,7,7,6,6,"The approach for the correlation task seems reasonable for me, it might not be the way experts do it, but it might be a way that how experts would guide novices to do it.","Again, I'd like to say having visual overlays paired with clear explanations is really effective for guiding users through reading the chart, particularly with bubble charts that introduce extra variables and complexity.","I found the overall task breakdown a bit arbitrary. The first instruction—to scan left to right—was useful and logical, but the move to clustering cities seemed unjustified. Without clear reasoning in the text, I wasn’t sure what purpose those clusters were supposed to serve, which left me a bit confused.",Line Chart,7,7,7,7,"I explored 3 different questions with line chart, It nailed the simple value-finding stuff, but when the task got more involved, it sometimes felt like too much. Even so, if you’ve never looked at the chart before, all that detail isn’t a bad thing.

",The same as the previous responses,Nothing,I think there’s room to make the instructions sound more natural. ,"It shows you where to look in the graph and tells you what’s going on there, which makes it way easier to understand for people who are new to this."
R_6gG9Htdbd5UalPB,,21,Male,Undergraduate Student,100% STACKED BAR CHART,7,7,6,6,"The reasoning did resemble a domain expert's guidance, however, some of the control flow (such as with the ""looping"") might be slightly different from a human's perspective, and some things might be broken down into more minute steps that might be implicitly happening for a human, but needs more explicit instruction for the system.","The low-level and example work-flow are pretty helpful, especially for more complicated graphs that have a lot of details to parse, it seems like these features would help streamline the data interpretation process for the user.",Nothing major.,BUBBLE CHART,7,6,5,6,"The system's reasoning, similar to the first graph that I saw, seemed to have a very granular approach to walking someone through the chart, and for more higher level trend-based questions, rather than identifying a simple extremum data value, it seems like a more higher-level explanation that allows for a human more flexibility in their thinking and processing would be more beneficial for a novice.","I'd say the ability for the system to parse the graph and explain what each part is is quite helpful for users, especially novices. If someone wants to interpret the graph on their own, they can have their own desired level of autonomy, seeing more guidance on how to interpret the graph when required.","The question I did was: In general, does the ridership of the metro system increase as the number of stations increases?

This question is relatively broad, and I think the task flow and low-level breakdown was a bit too granular and I think it'd be overwhelming to give such a granular explanation, when a higher level explanation would likely be easier to understand and less overwhelming for a novice, as the novice human would likely be capable of understanding more broader topics/ideas, which can be broken down further if they don't understand them.",LINE CHART,7,6,5,5,"Similar to my previous graph experiences, the way the system is interpreting the chart is very algorithmic. For example, for finding the range, I would vizualize two horizontal bars, one rising up from the bottom and one falling down from the top, and then bars stopping when the intersect the data points, which would be the extremum values, from which the data range can be identified. The system seems to take a more granular approach, which doesn't really help novices extract higher-level ideas that would help them read other graphs right away, as they'd be more likely to take away procedures without understanding why the procedures are taking place to interpret the data.","I think the graph part identification is helpful, as it allows users to go at their own pace/depth to understand more/less about the graphs, according to their desire.","Some of the steps like ""Filter a month on the x-axis."" don't really make a lot of sense for a novice reader, and might confuse them more due to more technical terms such as ""filter"", without given more context.","If this is meant for novices, I'd suggest having more high-level instructions, with the option to become more granular, be implemented, as it seems like it'd be easy to get overwhelmed by the long list of instructions to interpret the data.","The graph break-down, allowing one to learn more about the parts of the graph when wanted."
R_1WtRy1NnSTFTsWt,,24,Male,Industry Professional,Stacked Bar Chart,7,6,6,7,"The explanation was a lot like what an expert would give, but the way it handled some steps—like looping or repeating tasks—was maybe a bit different than how a person would do it. It also spelled out certain things that a human might do without even thinking about.

","Those specific examples and detailed steps were actually really useful, especially when a graph is packed with info. They make it a lot less overwhelming to figure out what’s going on.",No,Bubble Chart,7,6,5,5,"For questions that focus on overall trends—instead of just locating a single maximum or minimum value—a broader, higher-level explanation might actually benefit novices more, as it would encourage flexible thinking.","I like the way it structured for the step by step transparency in the reasoning steps for the questions, much like what I liked about the first graph","Since this question is pretty broad, I think all those tiny steps felt like a bit much—it could be overwhelming, especially for someone new. It might be better to stick with a simple, higher-level explanation to start. If the beginner needs more details, you can always break things down later.",Line Chart,7,7,7,5,"The system seems to go through the chart kind of like a set of instructions, one tiny step at a time. But, if I’m looking for the range, I’d just picture bars going up from the bottom and down from the top until they hit the outer data points—that’s how I’d get the min and max. The way the system does it might leave beginners following steps without really knowing why, so they might miss out on those big-picture thinking skills you need for new charts.","Again, the step by step and also the graph identification feels really helpful","The current system run guidance using words like “filter” could throw off someone new to reading charts. If you’re not familiar with that kind of technical language, it might just end up making things more confusing.","Since this system is designed for novice guidance, I would suggest having more high-level instructions well keeping the low level tasks, so novices would know where they are looking at, or why they are looking at a particular step with the known high-level logic","I like graph break down into each of the regions, it feels like novices might like it too because it provides information all you need to understand the chart"
R_52KUFQlQIzGe74T,,21,Male,Undergraduate Student,stacked bar,7,7,7,7,yes,The description of all parts of the chart helps novice users to learn all the information in the graph. Some numerical values will help people learn the result well.,all good,Bubble chart,5,7,7,7,yes,The whole explanation part is very detailed,"The steps are good, but it is hard to check how large the difference is between some similar circles, like Shanghai and Seoul.",line chart,7,7,7,7,"Yes, I think that is what I would do too",The instruction it provides,No,"The explanation could be better, more towards people do not know the chart, and also it could provide solution as I mentioned previously in the bubble chart, and also some of the tasks takes a few senconds to show up, in mapping and also in the loading decomposition",it is a cool tool to use